EstablishmentName,SchoolWebsite,SchoolPhoneNumber,Location,AcademyTrustName,Ext,Notes,IT Manager Name,IT Manager Email
Brimsham Green School,http://www.brimsham.com,1454868888,Bristol,,,"Doesnt currently have a budget at the moment - Looking into cloud or network infrastructure as their next projects, they purchased new devices last year for the school so no reqs ",Jason,ict@brimsham.com
St Mary Redcliffe and Temple School,www.smrt.bristol.sch.uk,1173772100,Bristol,,,,Mark,jacksonm@smrt.bristol.sch.uk
Saint Gregory's Catholic College,http://www.st-gregorys.org.uk/,1225832873,Bath,,,,,
St Bernadette Catholic Secondary School,www.stberns.bristol.sch.uk,1173772050,Bristol,,op 3 - netwrok manager vm,,,
Torpoint Community College,http://www.torpoint.cornwall.sch.uk,1752812511,Torpoint,Torpoint and Rame Co-operative Trust,,,,
Budehaven Community School,http://www.budehaven.cornwall.sch.uk,1288353271,Bude,The Bude Communities' Schools' Trust,,,,
Redruth School,http://www.redruth.cornwall.sch.uk,1209203700,Redruth,The Redruth Learning Group Trust,,,,
Richard Lander School,http://www.richardlander.co.uk/,1872273750,Truro,,,,,
Humphry Davy School,http://www.humphry-davy.cornwall.sch.uk,1736363559,Penzance,The Penwith Education Trust (PET),,,,
South Molton Community College,http://www.smcc.devon.sch.uk/,1769572129,South Molton,South Molton Co-operative Learning Trust,,,,
The Spires College,http://thespirescollege.com,1803400660,Torquay,Westlands School Trust,,,,
Sir John Hunt Community Sports College,www.sjhcsc.co.uk,1752201020,Plymouth,,op 2,,,
Tiverton High School,http://www.tiverton.devon.sch.uk/,1884256655,Tiverton,,hold,,Steve,swelsh@tiverton.devon.sch.uk
St Cuthbert Mayne School,http://www.st-cuthbertmayne.co.uk/,1803328725,Torquay,,hold,,,
St Peter's Church of England Aided School,https://www.spexe.org/,1392204764,Exeter,,,,Ruf,school@spexe.org
Cranborne Middle School,http://www.cranbornemid.dorset.sch.uk,1725517348,Wimborne,,op 7,,,
Ferndown Upper School,http://www.fernup.dorset.sch.uk,1202871243,Ferndown,,op 2,,Colin,colindean@fernup.dorset.sch.uk
West Moors Middle School,www.westmoorsmid.dorset.sch.uk,1202872474,Ferndown,,op 3,Business Manager,,
Lytchett Minster School,www.lytchett.org.uk,1202622413,Poole,,op 0,,,
Gillingham School,https://www.gillingham-dorset.co.uk/,1747822222,Gillingham,,op 3,,Josh Basche,itservices@gillingham-dorset.co.uk
Beaminster School,http://www.beaminster.dorset.sch.uk/,1308862633,Beaminster,,,,,
The Blandford School,http://www.blandfordschool.org.uk,1258451121,Blandford Forum,,hold,,Dave Cher?,
"St Edward's Roman Catholic/Church of England School, Poole",http://website.network.st-edwards.poole.sch.uk/,1202740950,Poole,,op 3,,Neil,
The Woodroffe School,http://www.woodroffe.dorset.sch.uk/,1297442232,Lyme Regis,,,,,
Archway School,http://www.archwayschool.net/,1453763242,Stroud,,,,James,
Rednock School,http://rednockschool.org.uk/,1453543618,Dursley,,op 0,,Phil ,
Pittville School,http://pittville.gloucs.sch.uk/,1242524787,Cheltenham,,op 4,,Vince Masters,
Maidenhill School,http://www.maidenhill.gloucs.sch.uk,1453822469,Stonehouse,,hold,,Kathy,kblizzard@maidenhill.gloucs.sch.uk
Robert Blake School,http://robertblake.org.uk/,1278456243,Bridgwater,,op 0,,Tim,tcook@rm.com
Wadham School,http://www.wadhamschool.co.uk,1460270123,Crewkerne,,hold,,Simon Onein?,
The Stonehenge School,http://www.stonehenge.wilts.sch.uk,1980623407,Amesbury,,hold,,,
St Joseph's Catholic School,http://www.sjcs.org.uk/,1722335380,Salisbury,,op 4,,Mark,itsupport@sjcs.org.uk
Matravers School,https://www.matravers.wilts.sch.uk,1373822666,Westbury,,op 5,,,
John Cabot Academy,http://www.cabot.ac.uk/,1179763000,Bristol,CABOT LEARNING FEDERATION,,,,
Bristol Brunel Academy,http://www.bba.bristol.sch.uk/,1173772700,Bristol,CABOT LEARNING FEDERATION,,,,
Bristol Cathedral Choir School,http://bccs.bristol.sch.uk/,1173535000,Bristol,CATHEDRAL SCHOOLS TRUST,,,,
Oasis Academy John Williams,http://www.oasisacademyjohnwilliams.org/,1275894680,Bristol,OASIS COMMUNITY LEARNING,,,,
Oasis Academy Brightstowe,http://www.oasisacademybrightstowe.org/,1173167330,Bristol,OASIS COMMUNITY LEARNING,,,,
The Wellington Academy,http://www.thewellingtonacademy.org.uk/,1264405060,Ludgershall,ASCEND LEARNING TRUST,,,,
Bristol Metropolitan Academy,www.bristolmet.net,1173772071,Bristol,CABOT LEARNING FEDERATION,,,,
"All Saints' Academy, Cheltenham",http://www.asachelt.org/,1242711200,Cheltenham,"ALL SAINTS' ACADEMY, CHELTENHAM",,,,
The Bishop of Winchester Academy,http://www.tbowa.org/,1202512697,Bournemouth,THE BISHOP OF WINCHESTER ACADEMY TRUST,,,,
The Bourne Academy,www.thebourneacademy.com,1202528554,Bournemouth,THE BOURNE ACADEMY,,,,
All Saints Church of England Academy,http://www.asap.org.uk/,1752705131,Plymouth,THE TED WRAGG MULTI ACADEMY TRUST,,,,
Sarum Academy,http://www.sarumacademy.org/,1722323431,Salisbury,MAGNA LEARNING PARTNERSHIP,,,,
Pyrland School,http://www.pyrlandschool.com/,1823348200,Taunton,RICHARD HUISH TRUST,,,,
St Aldhelm's Academy,www.staldhelms-academy.co.uk,1202732500,Poole,AUTHENTIC EDUCATION GROUP LIMITED,,,,
Uffculme School,https://uffculmeschool.bep.ac/,1884840458,Cullompton,BLACKDOWN EDUCATION PARTNERSHIP,,,,
The Cotswold Academy,http://www.cotswold.gloucs.sch.uk,1451820554,Cheltenham,THE COTSWOLD SCHOOL ACADEMY TRUST,,,,
Holyrood Academy,http://www.holyroodacademy.com,1460260100,Chard,BLACKDOWN EDUCATION PARTNERSHIP,,,,
Hardenhuish School,http://www.hardenhuish.wilts.sch.uk,1249650693,Chippenham,HARDENHUISH SCHOOL LIMITED,,,,
Sir Thomas Rich's School,http://strschool.co.uk/,1452338400,Gloucester,SIR THOMAS RICH'S SCHOOL,,,,
Somervale Secondary School,http://www.somervaleschool.com,1761414276,Radstock,MIDSOMER NORTON SCHOOLS PARTNERSHIP,,,,
Torquay Boys' Grammar School,http://www.tbgs.co.uk/,1803615501,Torquay,TORQUAY BOYS' GRAMMAR SCHOOL,,,,
Norton Hill Academy,http://www.nortonhillschool.com,1761412557,Radstock,MIDSOMER NORTON SCHOOLS PARTNERSHIP,,,,
Ivybridge Community College,http://www.ivybridge.devon.sch.uk/,1752691000,Ivybridge,WESTCOUNTRY SCHOOLS TRUST,,,,
Pate's Grammar School,http://www.patesgs.org/,1242523169,Cheltenham,PATE'S GRAMMAR SCHOOL,,,,
Colyton Grammar School,http://www.colytongrammar.com,1297552327,Colyton,COLYTON GRAMMAR SCHOOL ACADEMY TRUST,,,,
Kingsbridge Academy,http://www.kingsbridgecollege.org.uk/,1548852641,Kingsbridge,EDUCATION SOUTH WEST,,,,
Parkstone Grammar School,http://www.parkstone.poole.sch.uk/,1202605605,Poole,PARKSTONE GRAMMAR SCHOOL TRUST,,,,
Bodmin College,http://www.bodmincollege.co.uk,120872114,Bodmin,CORNWALL EDUCATION LEARNING TRUST,,,,
Churston Ferrers Grammar School Academy,http://www.churstongrammar.com/,1803842289,Brixham,CHURSTON FERRERS GRAMMAR SCHOOL,,,,
Lavington School,http://www.lavington.wilts.sch.uk,1380812352,Devizes,EQUA MEAD LEARNING TRUST,,,,
South Wilts Grammar School,http://www.swgs.wilts.sch.uk/,1722323326,Salisbury,SOUTH WILTS GRAMMAR SCHOOL,,,,
Balcarras School,http://www.balcarras.gloucs.sch.uk/,1242515881,Cheltenham,THE BALCARRAS TRUST,,,,
Oldfield School,http://oldfieldschool.com/,1225423583,Bath,OLDFIELD SCHOOL,,,,
Teign School,www.teignschool.org.uk,1626366969,Newton Abbot,EDUCATION SOUTH WEST,,,,
"Teignmouth Community School, Exeter Road",https://www.teignmouthsecondary.co.uk/,1626774091,Teignmouth,IVY EDUCATION TRUST,,,,
Devonport High School for Boys,http://www.dhsb.org,1752208787,Plymouth,DEVONPORT HIGH SCHOOL FOR BOYS ACADEMY TRUST,,,,
Bishop Wordsworth's Church of England Grammar School,http://www.bishopwordsworths.org.uk/,1722333851,Salisbury,BISHOP WORDSWORTH'S CHURCH OF ENGLAND GRAMMAR SCHOOL,,,,
Torquay Girls' Grammar School,www.tggsacademy.org,1803613215,Torquay,TORQUAY GIRLS' GRAMMAR SCHOOL,,,,
Camborne Science and International Academy,http://www.cambornescience.co.uk/,1209712280,Camborne,ATHENA LEARNING TRUST,,,,
Cirencester Deer Park School,http://www.deerparkschool.net,1285653447,Cirencester,CORINIUM EDUCATION TRUST,,,,
Newquay Tretherras,http://www.tretherras.net,1637872080,Newquay,CORNWALL EDUCATION LEARNING TRUST,,,,
Plympton Academy,www.plympton.academy,3333602220,Plymouth,THE THINKING SCHOOLS ACADEMY TRUST,,,,
Hele's School,http://www.heles.plymouth.sch.uk,1752337193,Plymouth,WESTCOUNTRY SCHOOLS TRUST,,,,
Coombe Dean School,http://www.coombedean.co.uk,1752406961,Plymouth,WESTCOUNTRY SCHOOLS TRUST,,,,
Penair School,http://www.penair.cornwall.sch.uk,1872274737,Truro,PENAIR SCHOOL,,,,
Plymstock School,http://www.plymstockschool.org.uk/,1752402679,Plymouth,WESTCOUNTRY SCHOOLS TRUST,,,,
South Dartmoor Community College,http://www.southdartmoor.devon.sch.uk/,1364652230,Ashburton,WESTCOUNTRY SCHOOLS TRUST,,,,
The Roseland Academy,www.theroseland.co.uk,1872530675,Truro,THE ROSELAND MULTI ACADEMY TRUST,,,,
Penrice Academy,www.penriceacademy.org,172672163,St Austell,CORNWALL EDUCATION LEARNING TRUST,,,,
Corfe Hills School,http://www.corfehills.net/,1202006666,Broadstone,INITIO LEARNING TRUST,,,,
Saltash Community School,http://saltash.net/,1752843715,Saltash,SOUTH EAST CORNWALL MULTI ACADEMY REGIONAL TRUST,,,,
The Crypt School,http://www.cryptschool.org,1452530291,Gloucester,THE CRYPT SCHOOL,,,,
Devonport High School for Girls,http://www.dhsg.co.uk,1752705024,Plymouth,DEVONPORT HIGH SCHOOL FOR GIRLS,,,,
The Corsham School,http://www.corsham.wilts.sch.uk,1249713284,Corsham,THE CORSHAM SCHOOL ACADEMY GROUP,,,,
Exmouth Community College,http://exmouthcollege.devon.sch.uk/,1395264761,Exmouth,THE TED WRAGG MULTI ACADEMY TRUST,,,,
Pool Academy,http://poolacademy.co.uk/,1209712220,Redruth,ATHENA LEARNING TRUST,,,,
Chosen Hill School,http://www.chosen-hill.gloucs.sch.uk/,1452713488,Gloucester,CHOSEN HILL SCHOOL,,,,
Stoke Damerel Community College,http://www.sdcc.net,1752556065,Plymouth,GREENSHAW LEARNING TRUST,,,,
Sheldon School,http://www.sheldonschool.co.uk,1249766020,Chippenham,SHELDON SCHOOL,,,,
Clyst Vale Community College,http://www.clystvale.org/,1392461407,Exeter,CLYST VALE ACADEMY TRUST,,,,
Kingsmead Academy,http://www.kingsmead-school.com/,1984623483,Taunton,CABOT LEARNING FEDERATION,,,,
Queen Elizabeth's,https://www.qe.devon.sch.uk,1363773401,Crediton,THE TED WRAGG MULTI ACADEMY TRUST,,,,
Twynham School,http://www.twynhamschool.com,1202486237,Christchurch,TWYNHAM LEARNING,,,,
Denmark Road High School,http://www.denmarkroad.org/,1452543335,Gloucester,DENMARK ROAD HIGH SCHOOL,,,,
Lipson Co-operative Academy,http://www.lipsonco-operativeacademy.coop/,1752671318,Plymouth,THE TED WRAGG MULTI ACADEMY TRUST,,,,
The King's School,http://www.thekings.devon.sch.uk/,1404812982,Ottery St Mary,THE KING'S SCHOOL OTTERY ST MARY,,,,
Hans Price Academy,https://hanspriceacademy.clf.uk/,1934629307,Weston-super-Mare,CABOT LEARNING FEDERATION,,,,
Backwell School,http://www.backwellschool.net,1275463371,Bristol,LIGHTHOUSE SCHOOLS PARTNERSHIP,,,,
Cheltenham Bournside School and Sixth Form Centre,https://www.bournside.com,1242235555,Cheltenham,CHELTENHAM BOURNSIDE SCHOOL AND SIXTH FORM CENTRE,,,,
Highcliffe School,https://www.highcliffe.school,1425273381,Christchurch,HISP MULTI ACADEMY TRUST LTD,,,,
Winchcombe School,http://www.winchcombeschool.co.uk,1242602233,Cheltenham,THE BALCARRAS TRUST,,,,
Ribston Hall High School,http://www.ribstonhall.gloucs.sch.uk,1452382249,Gloucester,RIBSTON HALL HIGH SCHOOL ACADEMY TRUST,,,,
Cleeve School,http://www.cleeveschool.net,1242672546,Cheltenham,CLEEVE SCHOOL,,,,
Minehead Middle School,https://www.mineheadmiddleschool.co.uk,1643704191,Minehead,BEACON EDUCATION MAT LTD,,,,
The Kings of Wessex Academy,http://www.kowessex.co.uk/,1934742608,Cheddar,WESSEX LEARNING TRUST,,,,
West Somerset College,http://www.westsomersetcollege.org/,1643706061,Minehead,BRIDGWATER & TAUNTON COLLEGE TRUST,,,,
Bristol Free School,http://www.bristolfreeschool.org.uk/,1179597200,Bristol,RUSSELL EDUCATION TRUST,,,,
Ansford Academy,http://www.ansford.org.uk,1963350895,Castle Cary,MIDSOMER NORTON SCHOOLS PARTNERSHIP,,,,
Poole Grammar School,www.poolegrammar.com,1202692132,Poole,POOLE GRAMMAR SCHOOL,,,,
Bishop Fox's School,http://www.bishopfoxs.co.uk,1823289211,Taunton,BISHOP FOX'S SCHOOL,,,,
Penryn College,http://www.penryn-college.cornwall.sch.uk/,1326372379,Penryn,PENRYN COLLEGE,,,,
Gordano School,http://www.gordanoschool.org.uk/,1275842606,Bristol,LIGHTHOUSE SCHOOLS PARTNERSHIP,,,,
Pilton Community College,http://www.piltoncollege.org.uk,1271374381,Barnstaple,THE HARBOUR SCHOOLS PARTNERSHIP,,,,
Mounts Bay Academy,www.mountsbay.org,1736363240,Penzance,LEADING EDGE ACADEMIES PARTNERSHIP,,,,
Stroud High School,http://stroudhigh.gloucs.sch.uk/,1453764441,Stroud,STROUD HIGH SCHOOL,,,,
Preston School Academy,http://www.prestonschool.co.uk/,1935471131,Yeovil,MIDSOMER NORTON SCHOOLS PARTNERSHIP,,,,
Royal Wootton Bassett Academy,http://www.rwba.org.uk/,1793841900,Swindon,ASCEND LEARNING TRUST,,,,
Honiton Community College,https://honitoncommunitycollege.co.uk,140442283,Honiton,THE TED WRAGG MULTI ACADEMY TRUST,,,,
Crispin School Academy,http://www.crispinschool.co.uk/,1458442714,Street,WESSEX LEARNING TRUST,,,,
The Castle School,http://www.castleschool.co.uk/,1823274073,Taunton,BLACKDOWN EDUCATION PARTNERSHIP,,,,
Haygrove School,http://www.haygroveschool.co.uk/,1278455531,Bridgwater,QUANTOCK EDUCATION TRUST,,,,
Chipping Campden School,http://www.campden.school/,1386840216,Chipping Campden,CHIPPING CAMPDEN SCHOOL,,,,
Hayesfield Girls School,http://www.hayesfield.com/,1225426151,Bath,MIDSOMER NORTON SCHOOLS PARTNERSHIP,,,,
Oakfield Academy,http://oakfieldacademy.co.uk/,1373462539,Frome,MIDSOMER NORTON SCHOOLS PARTNERSHIP,,,,
St Joseph's Catholic College,http://www.stjosephscollege.net,1793714200,Swindon,ST JOSEPH'S CATHOLIC COLLEGE,,,,
St Peter's Catholic High School and Sixth Form Centre,http://www.stpetershighschool.org.uk/,1452520594,Gloucester,ST PETER'S CATHOLIC HIGH SCHOOL & SIXTH FORM CENTRE,,,,
Sir William Romney's School,http://www.swr.gloucs.sch.uk/,1666502378,Tetbury,THE ATHELSTAN TRUST,,,,
Bournemouth School for Girls,http://www.wearebsg.uk,1202526289,Bournemouth,BOURNEMOUTH SCHOOL FOR GIRLS,,,,
Churchill Academy & Sixth Form,http://www.churchill-academy.org/,1934852771,Winscombe,LIGHTHOUSE SCHOOLS PARTNERSHIP,,,,
Chulmleigh Community College,http://www.chulmleigh.devon.sch.uk/,1769580215,Chulmleigh,CHULMLEIGH ACADEMY TRUST,,,,
Katharine Lady Berkeley's School,http://klbschool.org.uk/,1453842227,Wotton-under-Edge,KATHARINE LADY BERKELEY'S SCHOOL,,,,
St Laurence School,http://www.st-laurence.com/,1225309500,Bradford-on-Avon,ST. LAURENCE SCHOOL ACADEMY TRUST,,,,
Thomas Keble School,http://www.thomaskeble.gloucs.sch.uk,1452770301,Stroud,THOMAS KEBLE SCHOOL,,,,
Stanchester Academy,http://stanchester-academy.co.uk/,1935823200,Stoke-sub-Hamdon,BRIDGWATER & TAUNTON COLLEGE TRUST,,,,
Farmor's School,http://www.farmors.gloucs.sch.uk/,1285712302,Fairford,FARMOR'S SCHOOL,,,,
Marling School,http://www.marling.gloucs.sch.uk/,1453762251,Stroud,COTSWOLD BEACON ACADEMY TRUST,,,,
Newton Abbot College,https://na-college.co.uk/,1626367335,Newton Abbot,IVY EDUCATION TRUST,,,,
The Ridgeway School & Sixth Form College,http://www.ridgewayschool.com/,1793846100,Swindon,THE WHITE HORSE FEDERATION,,,,
The Thomas Hardye School,www.ths.wessex.ac,1305266064,Dorchester,WESSEX MULTI ACADEMY TRUST,,,,
Coombeshead Academy,www.coombesheadacademy.org.uk,1626201800,Newton Abbot,EDUCATION SOUTH WEST,,,,
The Commonweal School,www.commonweal.co.uk,1793612727,Swindon,THE COMMONWEAL SCHOOL,,,,
Whitstone,http://www.whitstoneschool.org/,1749345555,Shepton Mallet,WHITSTONE SCHOOL ACADEMY TRUST,,,,
St Dunstan's School,http://www.stdunstansschool.com,1458832943,Glastonbury,MIDSOMER NORTON SCHOOLS PARTNERSHIP,,,,
Westfield Academy,http://www.westfieldacademy.co.uk/,1935423747,Yeovil,WESTFIELD ACADEMY TRUST,,,,
Tor Bridge High,http://www.torbridge.net,1752207907,Plymouth,THE TED WRAGG MULTI ACADEMY TRUST,,,,
Cirencester Kingshill School,http://www.kingshillschoo.co.uk,1285651511,Cirencester,CIRENCESTER KINGSHILL SCHOOL,,,,
Falmouth School,http://www.falmouthschool.net,1326372386,Falmouth,THE ROSELAND MULTI ACADEMY TRUST,,,,
Great Torrington School,http://www.gts.devon.sch.uk,1805623531,Torrington,GTS ACADEMY TRUST,,,,
Kingdown School,http://www.kingdown.wilts.sch.uk/,1985215551,Warminster,ACORN EDUCATION TRUST,,,,
Lydiard Park Academy,http://www.lydiardparkacademy.org.uk,1793874224,Swindon,THE PARK ACADEMIES TRUST,,,,
The Blue School,https://www.theblueschoolwells.co.uk/,1749678799,Wells,THE BLUE SCHOOL,,,,
Severn Vale School,http://www.severnvaleschool.com,1452720458,Gloucester,SEVERN VALE SCHOOL,,,,
Priory Community School,www.pcsa.org.uk,1934511411,Weston-Super-Mare,THE PRIORY LEARNING TRUST,,,,
Malmesbury School,http://www.malmesbury.wilts.sch.uk,1666829700,Malmesbury,THE ATHELSTAN TRUST,,,,
Sexey's School,http://www.sexeys.somerset.sch.uk/,1749813393,Bruton,QUANTOCK EDUCATION TRUST,,,,
St Augustine's Catholic College,http://www.st-augustines.wilts.sch.uk,1225350001,Trowbridge,SAINT AUGUSTINE'S CATHOLIC COLLEGE,,,,
Wyedean School and Sixth Form Centre,http://www.wyedean.gloucs.sch.uk,1291625340,Chepstow,WYEDEAN SCHOOL AND SIXTH FORM CENTRE,,,,
Dene Magna School,http://www.denemagna.gloucs.sch.uk/,1594542370,Mitcheldean,FOREST OF DEAN TRUST,,,,
Cotham School,http://www.cotham.bristol.sch.uk/,1179198000,Bristol,COTHAM SCHOOL,,,,
Bournemouth School,http://www.bournemouth-school.org,1202512609,Bournemouth,BOURNEMOUTH SCHOOL,,,,
Wellsway School,http://www.wellswayschool.com/,1179864751,Bristol,FUTURA LEARNING PARTNERSHIP,,,,
Writhlington School,http://www.writhlington.org.uk,1761433581,Radstock,MIDSOMER NORTON SCHOOLS PARTNERSHIP,,,,
St Bede's Catholic College,http://www.stbedescc.org/,1173772200,Bristol,ST BEDE'S CATHOLIC COLLEGE,,,,
Churchdown School,http://www.churchdownschool.com/,1452713340,Gloucester,CHURCHDOWN SCHOOL,,,,
Kingsbury Green Academy,www.kingsburygreenacademy.com,1249818100,Calne,ASCEND LEARNING TRUST,,,,
The Dorcan Academy,http://www.dorcan.co.uk/,1793525231,Swindon,THE DORCAN ACADEMY,,,,
Selwood Academy,http://www.selwood.somerset.sch.uk,1373462798,Frome,SELWOOD ACADEMY,,,,
Tewkesbury Academy,www.tewkesburyacademy.clf.uk,1684292152,Tewkesbury,CABOT LEARNING FEDERATION,,,,
Brixham College,http://www.brixhamcollege.co.uk/,3333602250,Brixham,THE THINKING SCHOOLS ACADEMY TRUST,,,,
Looe Community Academy,http://www.looe.cornwall.sch.uk,1503262625,Looe,SOUTH EAST CORNWALL MULTI ACADEMY REGIONAL TRUST,,,,
Clevedon School,www.clevedonschool.org.uk,1275876744,Clevedon,FUTURA LEARNING PARTNERSHIP,,,,
The John of Gaunt School,http://johnofgauntschool.org,1225762637,Trowbridge,EQUA MEAD LEARNING TRUST,,,,
Wadebridge School,http://www.wadebridge.cornwall.sch.uk/,1208812881,Wadebridge,WADEBRIDGE SCHOOL,,,,
Braunton Academy,https://www.braunton.academy/,1271812221,Braunton,BRAUNTON SCHOOL AND COMMUNITY COLLEGE ACADEMY TRUST,,,,
Dorchester Middle School,http://www.dorchestermid.dorset.sch.uk,1305265651,Dorchester,WESSEX MULTI ACADEMY TRUST,,,,
"St Mary's Church of England Middle School, Puddletown",www.stmarys.wessex.ac,1305848293,Dorchester,WESSEX MULTI ACADEMY TRUST,,,,
Avonbourne Girls Academy,http://avonbourneacademy.org.uk/,1202398451,Bournemouth,UNITED LEARNING TRUST,,,,
Bedminster Down School,http://www.bedminsterdown.org.uk,1173532800,Bristol,FUTURA LEARNING PARTNERSHIP,,,,
Torquay Academy,http://www.tqacademy.co.uk,1803329351,Torquay,TORQUAY BOYS' GRAMMAR SCHOOL,,,,
LeAF Studio,www.leafstudio.co.uk,1202578886,Bournemouth,AUTHENTIC EDUCATION GROUP LIMITED,,,,
The Dean Academy,http://www.thedeanacademy.org/,1594843202,Lydney,THE ATHELSTAN TRUST,,,,
Orchard School Bristol,www.orchardschoolbristol.co.uk,1173772000,Bristol,TRUST IN LEARNING (ACADEMIES),,,,
Nailsea School,http://www.nailseaschool.com,1275852251,Bristol,WESSEX LEARNING TRUST,,,,
The Gryphon School,http://www.Gryphon.dorset.sch.uk/,1935813122,Sherborne,SHERBORNE AREA SCHOOLS' TRUST,,,,
SGS Forest High School,http://www.foresthigh.org.uk/,1594822257,Cinderford,SOUTH GLOUCESTERSHIRE AND STROUD ACADEMY TRUST,,,,
Ralph Allen School,http://www.ralphallenschool.com,1225832936,Bath,PALLADIAN ACADEMY TRUST,,,,
St John's Marlborough,https://www.stjohns.excalibur.org.uk/,1672516156,Marlborough,EXCALIBUR ACADEMIES TRUST,,,,
Devizes School,https://www.devizesschool.co.uk/,1380724886,Devizes,THE WHITE HORSE FEDERATION,,,,
Newent Community School and Sixth Form Centre,http://newent.gloucs.sch.uk/,1531820550,Newent,NEWENT COMMUNITY SCHOOL AND SIXTH FORM CENTRE,,,,
Redland Green School,www.redlandgreen.bristol.sch.uk,1173533200,Bristol,EXCALIBUR ACADEMIES TRUST,,,,
Paignton Academy,http://www.paigntonacademy.org,1803403005,Paignton,THE THINKING SCHOOLS ACADEMY TRUST,,,,
The Clarendon Academy,http://www.clarendonacademy.com/,1225762686,Trowbridge,ACORN EDUCATION TRUST,,,,
Lift Broadlands,https://www.liftbroadlands.org/,1179864791,Bristol,LIFT SCHOOLS,,,,
Oak Academy,https://www.oak-academy.co.uk/,1202774600,Bournemouth,AUTHENTIC EDUCATION GROUP LIMITED,,,,
Abbeywood Community School,www.abbeywoodschool.com,1454862986,Bristol,THE OLYMPUS ACADEMY TRUST,,,,
Launceston College,http://www.launcestoncollege.uk,1566772468,Launceston,ATHENA LEARNING TRUST,,,,
The Cornerstone Academy,http://www.carter.poole.sch.uk/,1202676789,Poole,UNITED LEARNING TRUST,,,,
Downend School,http://www.downend.com/,1454862300,Bristol,CASTLE SCHOOL EDUCATION TRUST,,,,
The Castle School,www.thecastleschool.org.uk,1454862100,Bristol,CASTLE SCHOOL EDUCATION TRUST,,,,
The Swanage School,http://www.theswanageschool.co.uk/,1929500599,Swanage,EDUCATION SWANAGE LIMITED,,,,
The Ilfracombe Church of England Academy,http://www.ilfracombeacademy.uk/,1271863427,Ilfracombe,ATHENA LEARNING TRUST,,,,
Brymore Academy,http://brymoreacademy.co.uk/,1278652369,Bridgwater,BRIDGWATER & TAUNTON COLLEGE TRUST,,,,
Isca Academy,http://www.iscaexeter.co.uk/,1392204082,Exeter,THE TED WRAGG MULTI ACADEMY TRUST,,,,
Magna Academy,https://www.magna-aspirations.org/,1202604222,Poole,ASPIRATIONS ACADEMIES TRUST,,,,
Winton Academy,http://www.wintoncollege.org.uk/,1202529738,Bournemouth,UNITED LEARNING TRUST,,,,
Glenmoor Academy,http://www.glenmoor.org.uk/,1202527818,Bournemouth,UNITED LEARNING TRUST,,,,
Eggbuckland Community College,https://www.eggbuckland.org.uk,1752779061,Plymouth,WESTCOUNTRY SCHOOLS TRUST,,,,
Court Fields School,http://www.courtfields.net/,1823664201,Wellington,BLACKDOWN EDUCATION PARTNERSHIP,,,,
Nova Hreod Academy,http://www.novahreodacademy.org.uk,1793528800,Swindon,UNITED LEARNING TRUST,,,,
Danesfield Church of England Voluntary Controlled Community Middle School,www.danesfieldcofemiddleschool.co.uk,1984632581,Taunton,BEACON EDUCATION MAT LTD,,,,
St Ives School,http://www.stivesschool.net,1736795608,St Ives,TRURO & PENWITH ACADEMY TRUST,,,,
St Boniface's RC College,http://www.stbonifaces.com/,1752779051,Plymouth,PLYMOUTH CAST,,,,
Notre Dame RC School,http://www.ndonline.org/,1752775101,Plymouth,PLYMOUTH CAST,,,,
Fowey River Academy,www.fracademy.org,1726833484,Fowey,LEADING EDGE ACADEMIES PARTNERSHIP,,,,
Shaftesbury School,http://www.shaftesburyschool.co.uk,1747854498,Shaftesbury,SHERBORNE AREA SCHOOLS' TRUST,,,,
Dorset Studio School,http://dorsetstudioschool.co.uk/,1305443600,Dorchester,KINGSTON MAURWARD STUDIO SCHOOL LIMITED,,,,
Hanham Woods Academy,www.hanhamwoods.academy,1174408900,Bristol,CABOT LEARNING FEDERATION,,,,
Broadstone Middle School,http://www.bmsweb.co.uk/,1202696121,Broadstone,SOUTHERN EDUCATION TRUST,,,,
Marlwood School,www.marlwood.com,1454862525,Bristol,CASTLE SCHOOL EDUCATION TRUST,,,,
The Grange School,http://www.thegrangeschool.com,1202486536,Christchurch,TWYNHAM LEARNING,,,,
Queen Elizabeth's School,http://www.queenelizabeths.com,1202885233,Wimborne,INITIO LEARNING TRUST,,,,
Oasis Academy Brislington,http://www.oasisacademybrislington.org/,1173772055,Bristol,OASIS COMMUNITY LEARNING,,,,
Sir Bernard Lovell Academy,www.sblacademy.org.uk,1174565900,Bristol,FUTURA LEARNING PARTNERSHIP,,,,
Fairfield High School,http://www.fairfield.excalibur.org.uk,1179527100,Bristol,EXCALIBUR ACADEMIES TRUST,,,,
The Sir John Colfox Academy,http://www.colfox.org/,1308422291,Bridport,INITIO LEARNING TRUST,,,,
South Devon UTC,https://southdevonutc.org.uk,1626240201,Newton Abbot,EDUCATION SOUTH WEST,,,,
Allenbourn Middle School,https://www.allenbournmiddle.org,1202886738,Wimborne,INITIO LEARNING TRUST,,,,
"St Michael's Church of England Middle School, Colehill",http://www.stmichaelsmiddle.org,1202883433,Wimborne,INITIO LEARNING TRUST,,,,
Mangotsfield School,www.mangotsfieldschool.org.uk,1454862700,Bristol,CASTLE SCHOOL EDUCATION TRUST,,,,
Digitech Studio School,http://digitechstudioschool.co.uk/,1179927100,Bristol,CABOT LEARNING FEDERATION,,,,
Somerset Studio School,www.somersetstudioschool.com,1761438557,Radstock,MIDSOMER NORTON SCHOOLS PARTNERSHIP,,,,
IKB Academy,www.ikbacademy.org.uk,1179161025,Bristol,FUTURA LEARNING PARTNERSHIP,,,,
Bradon Forest School,http://www.bradonforest.org.uk/,1793770570,Swindon,THE ATHELSTAN TRUST,,,,
Bideford College,www.bidefordcollege.org,1237477611,Bideford,ATHENA LEARNING TRUST,,,,
St James School,http://www.stjamesexeter.co.uk/,1392209922,Exeter,THE TED WRAGG MULTI ACADEMY TRUST,,,,
St Katherine's School,www.stkaths.org.uk,1275373737,Bristol,CATHEDRAL SCHOOLS TRUST,,,,
Avon Valley Academy,https://www.avonvalleyacademy.co.uk/,1980652467,Salisbury,ACORN EDUCATION TRUST,,,,
Worle Community School,,1934510777,Weston-Super-Mare,THE PRIORY LEARNING TRUST,,,,
Hugh Sexey Church of England Middle School,http://www.hughsexey.com/,1934712211,Wedmore,WESSEX LEARNING TRUST,,,,
Callington Community College,www.callingtoncc.net,1579383292,Callington,WESTCOUNTRY SCHOOLS TRUST,,,,
Helston Community College,http://www.helston.cornwall.sch.uk,1326572685,Helston,TRURO & PENWITH ACADEMY TRUST,,,,
Mullion School,http://www.mullionschool.org.uk,1326240098,Helston,TRURO & PENWITH ACADEMY TRUST,,,,
Five Acres High School,www.5acreshighschool.co.uk,1594832263,Coleford,GREENSHAW LEARNING TRUST,,,,
Liskeard School and Community College,https://www.liskeard.net,1579342344,Liskeard,SOUTH EAST CORNWALL MULTI ACADEMY REGIONAL TRUST,,,,
Wyvern St Edmund's Academy,www.wyvernsteds.org,1722328565,Salisbury,MAGNA LEARNING PARTNERSHIP,,,,
The Trafalgar School at Downton,http://www.trafalgarschool.com,1725550300,Salisbury,MAGNA LEARNING PARTNERSHIP,,,,
Axe Valley Academy,axevalley.bep.ac,129732146,Axminster,BLACKDOWN EDUCATION PARTNERSHIP,,,,
The City Academy Bristol,https://cityacademybristol.clf.uk/,1179413800,Bristol,CABOT LEARNING FEDERATION,,,,
Scott Medical and Healthcare College,https://www.scottcollege.co.uk/,1752987010,Plymouth,GREENSHAW LEARNING TRUST,,,,
SGS Berkeley Green UTC,www.berkeleygreenutc.org.uk,8004701516,Berkeley,SOUTH GLOUCESTERSHIRE AND STROUD ACADEMY TRUST,,,,
Lawn Manor Academy,www.lawnmanor.org,1793487286,Swindon,ASCEND LEARNING TRUST,,,,
Brannel School,www.brannel.com,1726822485,St Austell,CORNWALL EDUCATION LEARNING TRUST,,,,
Patchway Community School,http://www.patchwaycs.org.uk/,1454862020,Almondsbury,THE OLYMPUS ACADEMY TRUST,,,,
Yate Academy,,1454333560,Yate,GREENSHAW LEARNING TRUST,,,,
Kingsdown School,www.kingsdownschool.co.uk,1793822284,Swindon,RIVER LEARNING TRUST,,,,
UTC Swindon,www.utcswindon.co.uk,1793207920,Swindon,ACTIVATE LEARNING EDUCATION TRUST,,,,
Hayle Academy,http://www.hayleacademy.net/,1736753009,Hayle,TRURO & PENWITH ACADEMY TRUST,,,,
Tavistock College,http://tavistockcollege.org,1822614231,Tavistock,DARTMOOR MULTI ACADEMY TRUST,,,,
Okehampton College,http://www.okehamptoncollege.devon.sch.uk/,1837650910,Okehampton,DARTMOOR MULTI ACADEMY TRUST,,,,
Holsworthy Community College,http://www.hcc.devon.sch.uk,1409253430,Holsworthy,DARTMOOR MULTI ACADEMY TRUST,,,,
Ashton Park School,www.ashtonpark.net,1173772777,Bristol,EXCALIBUR ACADEMIES TRUST,,,,
West Exe School,https://www.westexe.devon.sch.uk/,1392660100,Exeter,THE TED WRAGG MULTI ACADEMY TRUST,,,,
Emmanuel Church of England Middle School,www.emmanuelmiddle.org,1202828100,Verwood,INITIO LEARNING TRUST,,,,
Henley Bank High School,www.henleybankhighschool.co.uk,1452863372,Gloucester,GREENSHAW LEARNING TRUST,,,,
Chew Valley School,www.chewvalleyschool.co.uk,1275332272,Bristol,LIGHTHOUSE SCHOOLS PARTNERSHIP,,,,
Winterbourne Academy,www.winterbourneacademy.org.uk,1454252000,Bristol,THE OLYMPUS ACADEMY TRUST,,,,
Chilton Trinity School,http://www.chilton-trinity.co.uk/,1278425222,Bridgwater,FUTURA LEARNING PARTNERSHIP,,,,
Abbey Park School,www.abbeyparkschool.org.uk,1793705400,Swindon,THE PARK ACADEMIES TRUST,,,,
Lockyer's Middle School,https://www.lockyersmiddle.org,1202692779,Wimborne,INITIO LEARNING TRUST,,,,
Treviglas Academy,www.treviglas.net,1637872076,Newquay,THE ROSELAND MULTI ACADEMY TRUST,,,,
Great Western Academy,www.gwacademy.co.uk,1793209700,Swindon,GREAT WESTERN ACADEMY LIMITED,,,,
The Park Community School,http://www.theparkschool.org.uk,1271373131,Barnstaple,THE HARBOUR SCHOOLS PARTNERSHIP,,,,
Cape Cornwall School,www.cape.cornwall.sch.uk,1736788501,Penzance,TRURO & PENWITH ACADEMY TRUST,,,,
Melksham Oak Community School,https://www.melkshamoak.wilts.sch.uk/,1225792700,Melksham,THE WHITE HORSE FEDERATION,,,,
Sir James Smith's School,http://www.sirjamessmiths.cornwall.sch.uk,1840213274,Camelford,WESTCOUNTRY SCHOOLS TRUST,,,,
The King Alfred School an Academy,tkasa.org.uk,1278784881,Highbridge,THE PRIORY LEARNING TRUST,,,,
UTC Plymouth,www.utcplymouth.org,1752284250,Plymouth,REACH SOUTH ACADEMY TRUST,,,,
Atlantic Academy,www.atlanticacademy.uk/home,1237431969,Bideford,ATHENA LEARNING TRUST,,,,
Beechen Cliff School,www.beechencliff.org.uk,1225480466,Bath,MIDSOMER NORTON SCHOOLS PARTNERSHIP,,,,
King Arthur's School,www.kingarthurs.org.uk,196332368,Wincanton,SHERBORNE AREA SCHOOLS' TRUST,,,,
Trinity Academy,www.trinityacademybristol.org,1174509379,Bristol,CATHEDRAL SCHOOLS TRUST,,,,
All Saints' Church of England Academy,https://www.allsaints-academy.co.uk/,1305783391,Weymouth,AUTHENTIC EDUCATION GROUP LIMITED,,,,
Blaise High School,www.blaisehighschool.co.uk,1179030100,Bristol,GREENSHAW LEARNING TRUST,,,,
Wey Valley Academy,http://weyvalley-academy.co.uk/,1305817000,Weymouth,AUTHENTIC EDUCATION GROUP LIMITED,,,,
Holmleigh Park High School,https://www.hphigh.co.uk,1452301381,Gloucester,GREENSHAW LEARNING TRUST,,,,
Winterstoke Hundred Academy,www.winterstokehundredacademy.clf.uk,1934313290,Weston-Super-Mare,CABOT LEARNING FEDERATION,,,,
Broadoak Academy,https://broadoakacademy.clf.uk/,1934422000,Weston-Super-Mare,CABOT LEARNING FEDERATION,,,,
St Luke's Church of England School,https://stlukescofe.school/,1392204600,Exeter,THE TED WRAGG MULTI ACADEMY TRUST,,,,
Poltair School,www.poltairschool.co.uk,1726874520,St Austell,CORNWALL EDUCATION LEARNING TRUST,,,,
Budmouth Academy Weymouth,https://www.budmouth-aspirations.org/,1305830500,Weymouth,ASPIRATIONS ACADEMIES TRUST,,,,
Avonbourne Boys' Academy,https://www.avonbourneboysacademy.org.uk/,1202398451,Bournemouth,UNITED LEARNING TRUST,,,,
Dawlish College,http://www.dawlish.devon.sch.uk,1626862318,Dawlish,IVY EDUCATION TRUST,,,,
St Mark's CofE School,www.st-marks.org.uk,1225312661,Bath,MIDSOMER NORTON SCHOOLS PARTNERSHIP,,,,
Fairlands Middle School,fairlandsmiddleschool.co.uk,1934743186,Cheddar,WESSEX LEARNING TRUST,,,,
St Osmund's Church of England Middle School,www.stosmunds.wessex.ac,1305262897,Dorchester,WESSEX MULTI ACADEMY TRUST,,,,
Millbay Academy,https://millbayacademy.org/,1752221927,Plymouth,REACH SOUTH ACADEMY TRUST,,,,
Marine Academy Plymouth,https://www.marineacademy.org.uk/,1752213939,Plymouth,THE TED WRAGG MULTI ACADEMY TRUST,,,,
Gloucester Academy,www.gloucesteracademy.co.uk,1452428800,Gloucester,GREENSHAW LEARNING TRUST,,,,
Ferndown Middle School,http://fernmid.dorset.sch.uk/,1202876556,Ferndown,SOUTHERN EDUCATION TRUST,,,,
Chipping Sodbury School,http://www.chippingsodburyschool.com,1454862900,Bristol,THE ATHELSTAN TRUST,,,,
Plymouth High School for Girls,http://www.phsg.org/,3333602230,Plymouth,THE THINKING SCHOOLS ACADEMY TRUST,,,,
The High School Leckhampton,www.hsl.gloucs.sch.uk,1242383351,Cheltenham,THE BALCARRAS TRUST,,,,
The Purbeck School,http://www.purbeck.dorset.sch.uk,1929550077,Wareham,WESSEX MULTI ACADEMY TRUST,,,,
Buckler's Mead School,http://bucklersmead.com,1935424454,Yeovil,MIDSOMER NORTON SCHOOLS PARTNERSHIP,,,,
King Edward VI Community College,http://www.kingedwardvi.devon.sch.uk/,1803869200,Totnes,EDUCATION SOUTH WEST,,,,
Sidmouth College,http://www.sidmouthcollege.devon.sch.uk,1395514823,Sidmouth,THE TED WRAGG MULTI ACADEMY TRUST,,,,
Sturminster Newton High School,www.mysnhs.net,1258472642,Sturminster Newton,SHERBORNE AREA SCHOOLS' TRUST,,,,
Oasis Academy Daventry Road,www.oasisacademydaventryroad.org,1174059749,Bristol,OASIS COMMUNITY LEARNING,,,,
Oasis Academy Temple Quarter,www.oasisacademytemplequarter.org,1174059767,Bristol,OASIS COMMUNITY LEARNING,,,,
Huish Episcopi Academy,https://www.huishepiscopi.net/,1458250501,LANGPORT,UNITED LEARNING TRUST,,,,
Monkton Wood Academy,https://monktonwoodacademy.clf.uk/,1823412396,Taunton,CABOT LEARNING FEDERATION,,,,
Highworth Warneford School,,,Swindon,THE PARK ACADEMIES TRUST,,,,
Frome Community College,http://www.fromecollege.org,1373465353,Frome,MIDSOMER NORTON SCHOOLS PARTNERSHIP,,,,
Poole High School,http://www.poolehigh.co.uk/,1202666988,Poole,TWYNHAM LEARNING,,,,
Cullompton Community College,www.cullompton.devon.sch.uk,188433364,Cullompton,BLACKDOWN EDUCATION PARTNERSHIP,,,,
E-Act Montpelier High School,www.montpschool.org,1179424328,Bristol,E-ACT,,,,
The Deanery CofE Academy,www.dcea.org.uk,1793236611,Swindon,THE PARK ACADEMIES TRUST,,,,
Pewsey Vale School,https://www.pewseyvale.org/,1672565000,Pewsey,ACORN EDUCATION TRUST,,,,
Barnwood Park School,http://www.barnwoodpark.co.uk,1452530389,Gloucester,GREENSHAW LEARNING TRUST,,,,
Abbeyfield School,http://www.abbeyfield.wilts.sch.uk/,1249464500,Chippenham,THE ATHELSTAN TRUST,,,,